name,nodo
tuti,nodobuenosaires
mariocaf,nodolaplata
ferbuerotrebino,nodobuenosaires
larsen,nodolaplata
andrea,nodobuenosaires
pabloc,nodolaplata
facundomarquez,nodobuenosaires
seba,nodobuenosaires
magui,nodogualeguaychu
marinasolanas,nodobuenosaires
marina,nodobuenosaires
monicapescaderia,nodomardelplata
sladdaga,nodomardelplata
cesara,nodomardelplata
julieta-marini75,nodobuenosaires
lilips,nodomardelplata
kari.garo,nodomardelplata
marina.waba,nodobuenosaires
leomachado,nodomardelplata
asilva55,nodomardelplata
mariana1984,nodomardelplata
juanmiguel,nodomardelplata
pamelasierra,nodomardelplata
juanchi,nodomardelplata
ferbuero,nodobuenosaires
leonelmachado,nodomardelplata
tamara,nodomardelplata
moni,nodomardelplata
lunalana,nodomardelplata
munaresangel,nodomardelplata
alejandraocampp,nodomardelplata
andreapeyrot,nodomardelplata
gabriel.sapienza,nodomardelplata
cecilia,nodomardelplata
nancy869,nodomardelplata
clemira57,nodomardelplata
adrianaandrada,nodomardelplata
lunajorg40,nodomardelplata
mar,nodomardelplata
corinam,nodomardelplata
sandr3lica,nodomardelplata
casinueva,nodomardelplata
carlosemilio,nodomardelplata
pauloismael,nodomardelplata
evangelina,nodomardelplata
hilario,nodomardelplata
alkimia,nodomardelplata
syssublimacion,nodomardelplata
gracoda,nodomardelplata
gala,nodomardelplata
nantili,nodomardelplata
edith,nodomardelplata
sandra,nodomardelplata
danielcavaignac,nodogualeguaychu
renee,nodobuenosaires
asdrubal,nodomardelplata
doblerre,nodomardelplata
marcelog,nodomardelplata
marlene,nodomardelplata
fabiana,nodomardelplata
ramiritus,nodomardelplata
lilif,nodomardelplata
franv0,nodobuenosaires
ita,nodomardelplata
julianmartinez,nodomardelplata
marianatorrisi,nodomardelplata
irma,nodomardelplata
marisolburgos,nodomardelplata
indiguista,nodomardelplata
samantagarcia,nodomardelplata
lorenamedel,nodomardelplata
rosanafrida,nodomardelplata
mariel721,nodomardelplata
sabores18,nodomardelplata
hernankpo,nodomardelplata
juanzxdxdxd,nodomardelplata
nataliaestetica,nodomardelplata
sefaze,nodomardelplata
tigredefuego,nodomardelplata
creacionesmarcela,nodomardelplata
dulcinea,nodogualeguaychu
lucianasiches22,nodogualeguaychu
pablofiore,nodogualeguaychu
rociomartino,nodogualeguaychu
munaway,nodomardelplata
nicoclu,nodobuenosaires
lidiaforquera,nodomardelplata
marta01,nodogualeguaychu
barberolucas,nodogualeguaychu
julietacasaredes,nodogualeguaychu
laut5288,nodogualeguaychu
clau1972,nodogualeguaychu
carloshartwig,nodogualeguaychu
chelitogchu,nodogualeguaychu
rosarey,nodogualeguaychu
evelyn,nodogualeguaychu
pamela,nodogualeguaychu
martinchopiaggio,nodogualeguaychu
maguicorbetto,nodogualeguaychu
rociojime,nodogualeguaychu
raquel,nodogualeguaychu
maricel,nodogualeguaychu
silvinacomparada,nodogualeguaychu
paolab,nodogualeguaychu
maria1960,nodogualeguaychu
grisel75,nodogualeguaychu
agostina,nodogualeguaychu
ramonermacora,nodogualeguaychu
yanimendoza2,nodogualeguaychu
belustadler,nodogualeguaychu
pammc,nodogualeguaychu
julietaduarte,nodogualeguaychu
elizabeth16,nodogualeguaychu
gabriela86,nodogualeguaychu
debus,nodogualeguaychu
paolagalpon,nodogualeguaychu
adrianavieytes,nodogualeguaychu
bavi,nodogualeguaychu
alejandracolliazo,nodogualeguaychu
lapazcris,nodogualeguaychu
augusto,nodobuenosaires
ricardoorzi,nodobuenosaires
fjc,nodobuenosaires
paolina,nodobuenosaires
andreac,nodobuenosaires
silnoell,nodobuenosaires
patopou,nodobuenosaires
olga,nodobuenosaires
nerea,nodobuenosaires
heloisa17,nodobuenosaires
nicoechaniz,nodoquintana
giudicejesica,nodoquintana
mauro,nodomardelplata
lidiaps,nodomardelplata
angeldov,nodoescobarmet
alepastor,nodomardelplata
mauri2006,nodomardelplata
claurios,nodomardelplata
juliocesar,nodomardelplata
andreagrasso,nodomardelplata
laeva,nodomardelplata
julioalaniz,nodomardelplata
jesus,nodobuenosaires
athenea,nodobuenosaires
demitre,nodobuenosaires
mauroc,nodobuenosaires
danteymilo89,nodobuenosaires
chinosan,nodobuenosaires
romero,nodoescobarmet
delfosmet,nodoescobarmet
karyw,nodolaplata
lulecamello,nodolaplata
pablogrod,nodolaplata
martinjabon,nodolaplata
ferbq73o,nodolaplata
silvia,nodolaplata
pablobring,nodolaplata
manuelmarchi,nodolaplata
vhpiris,nodolaplata
ferminmr14,nodolaplata
pablo904,nodobuenosaires
donadominga,nodolaplata
donald,nodolaplata
fedelobat,nodolaplata
mariae,nodolaplata
euge,nodolaplata
arifey,nodolaplata
vhpiris1000,nodolaplata
radio965,nodobuenosaires
ailinr,nodolaplata
adelmar,nodomardelplata
josetacha,nodolaplata
daiana,nodomardelplata
gisel,nodomardelplata
ovejanegra,nodoescobarmet
flor.murga,nodoescobarmet
establecimientooktubre,nodomardelplata
kem,nodomardelplata
patriciadeco,nodomardelplata
alenoequin962,nodogualeguaychu
carlosanigstein,nodogualeguaychu
silviasoria,nodogualeguaychu
ni-colas,nodomardelplata
shisasfv,nodobuenosaires
jabibi,nodolaplata
asli2018,nodomardelplata
pablomariana03,nodogualeguaychu
marcelogchu,nodogualeguaychu
marian080808,nodogualeguaychu
matias,otros
prueba,otros
luis,otros
nicolas,otros
elmercado,otros
javi,otros
guillermocelaya,otros
juliette,otros
palermorustico,otros
perliu,otros
rodrigo,otros
fer,otros
ezequiel,otros
soledad,otros
belosoler,otros
kishan,otros
uli,otros
dieguito,otros
hector,otros
lahiru1234,otros
christiancarola,otros
ornella,otros
chitty,otros
julianllamosas,otros
franc0rioni,otros
laurinchinchis,otros
fernand0marino,otros
zanni7c,otros
rnglab,otros
felipe,otros
keetzoo,otros
efrain,otros
guillermo,otros
c2788246,otros
niih,otros
dani,otros
jorge,otros
edithe,otros
carlos,otros
cooperativaptga,otros
martin.iglesias,otros
padilla,otros
cooperativalasalamandra,otros
volcan2011,otros
impa,otros
glaciar-shop,otros
hueso,otros
ponchorojo,otros
rogelio,otros
franersees,otros
truetrust,otros
jul55io,otros
rpolverini,otros
maru,otros
dario,otros
gestiones,otros
gestionesaz,otros
esteban,otros
marcela,otros
meleiton,otros
coopnuevaesperanza,otros
lucasmorilla,otros
santiago,otros
alejandro,otros
marcomagna,otros
lriccombene,otros
mutualup,otros
hectorh,otros
amaliacafiero,otros
christianmaper,otros
marcos,otros
marcoscoach,otros
martinbarrea,otros
pferder,otros
nestor,otros
lucasre,otros
jona,otros
ricardo,otros
marcoskatz,otros
jesitatu,otros
murdock,otros
nicolodo,otros
matias92,otros
diego75,otros
efrainbarraza,otros
carlos444,otros
nirat,otros
ppppphhg,otros
ignacio,otros
diegok02,otros
adrianvitale,otros
pablosarmiento,otros
rodrigorapoport,otros
muju,otros
horacio,otros
psixto,otros
rober69,otros
magno,otros
subpga,otros
alecdp,otros
monicacdp,otros
nels4600,otros
juanmira,otros
doldraug,otros
facundo,otros
raccotpadilla,otros
damian,otros
marian77,otros
joaquin,otros
angelgabriel,otros
joel,otros
maximiliano,otros
ramji,otros
federicomartelli,otros
raul,otros
facundogrimberg,otros
jorgeares,otros
gabriel,otros
mariagimenez,otros
candelaria,otros
hermys,otros
klink,otros
gerardolw,otros
angela,otros
josemarcio,otros
badotti,otros
estebansanchez,otros
pau,otros
pablo,otros
frank,otros
august,otros
geek,otros
camba,otros
chino,otros
marco,otros
ewicarrega,otros
satoshi,otros
gusben,otros
belo,otros
juaniaddis,otros
papai,otros
cottic,otros
saul,otros
luislobo,otros
rufino,otros
marcellus,otros
laurin,otros
patricia,otros
daniel27,otros
mariano,otros
federicohidalgo,otros
facu,otros
pabloiaria,otros
ariel,otros
ndancel,otros
florpopi,otros
diramid0604,otros
karla,otros
ranulfo,otros
jbajanznnnwnznnz,otros
mahdi,otros
federico,otros
patobustamante,otros
mariapolemann,otros
gastonunlu,otros
danielhoraciomaidana,otros
sairala,otros
facundoharguinteguy,otros
nati1975,otros
rominola,otros
nati,otros
yonati,otros
tano,otros
onasisi,otros
nhkosciuk,otros
sergiodavidperez,otros
mnegre323,otros
nstamm,otros
amoreno,otros
rhyfg,otros
lujanherrera,otros
idea,otros
marcelitu,otros
lucas,otros
veronicasm,otros
luchonikov,otros
augustol,otros
fcmarket,otros
lal,otros
mariaeva,otros
ivan,otros
ceciliamc,otros
ypaoladiaz1,otros
julian,otros
kenny,otros
sebastianpinto,otros
nicolasfergero,otros
miriamj,otros
valeria,otros
ignaciolohle,otros
regmarcos,otros
sergiomurias,otros
nanunanu,otros
rulosanti,otros
dnxnx,otros
sonu,otros
gustavo,otros
esteban1964,otros
andreu,otros
andreuvargas,otros
alr,otros
eduardfolch,otros
gusolaeta,otros
yanina,otros
dumitia,otros
raulcrojas,otros
guillepar,otros
marce,otros
rolando,otros
mjlorda,otros
pablo57,otros
charlyok,otros
puntodeencuentro,otros
mleikin,otros
omar,otros
yatenia,otros
huarmi,otros
reinaldo,otros
abi,otros
marianux,otros
graciela,otros
gracielah,otros
aime,otros
bernardo,otros
evanz,otros
gaston,otros
salvadorf,otros
noelia,otros
simonvanini,otros
alex11,otros
ivanandrez,otros
guss22,otros
rafaeldef,otros
rosahaydee,otros
hernan,otros
fabianmestralet,otros
leandronn,otros
geno,otros
delavansop,otros
hugo,otros
jorges,otros
espacioserrano,otros
etienne,otros
lucastiglia,otros
webok,otros
cesarmeloni,otros
marianodamian,otros
debora,otros
mirianquiroz,otros
jiangyouping,otros
yolanda70,otros
carla,otros
beatriz23,otros
micaela17,otros
romina,otros
stemarperg,otros
rosanaarias,otros
damper,otros
junma,otros
samuh1125,otros
b94778614,otros
antonella,otros
carlosalmeida,otros
melina,otros
ari,otros
nahummirad,otros
erazo,otros
ayub,otros
juan,otros
liliana,otros
veronicaaz,otros
alfredcord,otros
jfc,otros
arielnicolas,otros
leorueda.sanmarcos,otros
martinsole,otros
estudiojuridicomaggi,otros
ramiro2006,otros
juned9140488828,otros
agustin,otros
daniel,otros
patoramirez,otros
patoramirez100,otros
miguelrod,otros
adriancuello,otros
jeremias,otros
lucia.monzon,otros
jorgerodri,otros
micaela,otros
paz,otros
anafer,otros
estebaneban,otros
max80,otros
lucasmorilla2,otros
gisela01,otros
francodu,otros
ivansosa,otros
zampa1969,otros
lalopizarro,otros
augusto7,otros
sebapuecha,otros
fernando,otros
irazmai3327,otros
genaro70,otros
hectortiburcio,otros
clauar,otros
miguelcasimiro,otros
moradsk9583913846,otros
maxilovera,otros
alghalbi,otros
mariog1985,otros
luis1soto,otros
francovico333,otros
matias-zeintger,otros
pazrey,otros
maria,otros
isabel,otros
nildag,otros
mativazquez,otros
humuz,otros
gabrieltxu,otros
silviaygoyo,otros
mora,otros
any-76,otros
leo,otros
eduard,otros
emanuelbarboza,otros
mathias,otros
juliap,otros
diego-salce,otros
juanvalerdi,otros
vientotres,otros
mariobq,otros
bbbbbkmimi,otros
cpaez,otros
marcelo,otros
dylan,otros
alejandrotaibi,otros
mepvdeluxe,otros
mario88,otros
wuilliam,otros
guillermo21,otros
patobales,otros
rikymoreno,otros
solo,otros
letternauta,otros
mohannad,otros
jonibek,otros
martin,otros
francisca,otros
test,otros
martinpar18,otros
ezequiel23,otros
ramirosoria95,otros
camilalucianaortega,otros
diego70depeche,otros
jimenasca,otros
noemif,otros
diego,otros
diegonj7,otros
hgfljbgh,otros
diegonj7test,otros
diegonj7dev,otros
beto,otros
naty,otros
paulina,otros
luciana,otros
benjamindavico,otros
male,otros
pablopatoruzu,otros
diegodepeche,otros
jimena,otros
erfan,otros
thera,otros
gonzalosebastian,otros
marianobonilla,otros
eneasnasif1995,otros
valeriach,otros
naturalmente,otros
lucila,otros
hector58,otros
ximena,otros
osloelconspiranoico,otros
dariio,otros
carmenjacome,otros
pedro,otros
pablo89,otros
agustincamara1710,otros
mayraolivetti,otros
mariano2904,otros
hector97,otros
adrian,otros
simon,otros
camila,otros
javier1,otros
mayyolivetti,otros
juliantroccoli,otros
juansel,otros
juanmavilla,otros
danielar,otros
agustin1997,otros
francopozo,otros
costacamila,otros
alejolip,otros
josemiranda,otros
miguelcp,otros
jorge150,otros
gatlili02,otros
mariano-z,otros
arturomdp,otros
diegobukay,otros
antonellamarchione96,otros
antonellamarchione,otros
athos,otros
federicoblasco,otros
recipol,otros
recicleti,otros
beceta5580,otros
victor678,otros
lizartetango,otros
ayrton,otros
rocioferreyra,otros
hugogomezveron,otros
rosa,otros
jofelopo,otros
coopaceiteralamatanza,otros
lucasm,otros
vialola,otros
fulgen,otros
maximiliano48,otros
lrsasso,otros
fernandomz,otros
revivir,otros
juana,otros
fabiog,otros
andresrusso,otros
lucasgolini,otros
juanarosaherrera,otros
valeriacch,otros
elpitbull916,otros
maximiliano1010,otros
sebastian,otros
ezepich,otros
caromayorga,otros
kevin1,otros
fedep,otros
eduardo,otros
tecla,otros
santiperis,otros
mariela,otros
aemarino,otros
victor,otros
hugorodrigoserra,otros
franciscosusmel,otros
mauroandres,otros
peppe,otros
pampa,otros
mariana,otros
user,otros
user1,otros
marialbamonte,otros
alejandra,otros
claudio,otros
rafael,otros
shisas,otros
antonio,otros
nodomdq,otros
vasco,otros
julio,otros
scholakian,otros
annaprem,otros
alemarmoni,otros
jorgemeneses,otros
monicabernard,otros
malena40,otros
paradigma,otros
mcalamdq1,otros
marivi,otros
interspock,otros
ciberchoni,otros
mercedes,otros
danielylara,otros
leonardo,otros
manuel.bogarin8,otros
gabrielz77,otros
jorgeeduardoares,otros
leonardorochelle,otros
kari0413,otros
pablo78,otros
gabriel80,otros
carlosm,otros
ndna1911,otros
monica.franco,otros
sofiaghi,otros
lorena,otros
joseluisalfaro,otros
lviolini,otros
pmluciano,otros
vasquito,otros
claudia,otros
ilefonseca,otros
pablobenetti,otros
carloshugo,otros
francisco,otros
martindkr87,otros
natalia,otros
pablopodesta,otros
gabriela18,otros
irmarubens,otros
marcelofaure,otros
marisol,otros
giorgio,otros
marcelita183,otros
luismercado.intento,otros
javier.goglino,otros
nodoescobar,otros
sbierwerth,otros
gastonlevy,otros
frank252,otros
hugolrivas,otros
alejandrotai,otros
andrestodesca,otros
xaiki,otros
grimedero,otros
paprika,otros
melimar,otros
marcelalopez,otros
zeta,otros
juanmartinez,otros
normalhp,otros
any,otros
marita,otros
barbara,otros
grimedero1991,otros
emilianofelice,otros
martinesteban,otros
ignaciopaganini,otros
gustavoculcuy,otros
lily,otros
pablo.resua,otros
claudiogesell,otros
richardroj,otros
santiagopla,otros
lucaspro,otros
danielgrossi,otros
nati22,otros
jesicasa,otros
willyug,otros
damianontivero,otros
clairelempereur,otros
jcronin,otros
antonieta13spat,otros
gianni,otros
eloy,otros
arturocasa,otros
florencia5,otros
sosarodrigo,otros
yessi18,otros
yisela,otros
juanma12,otros
alefontana31,otros
celeste30,otros
ofeliasan,otros
milingi,otros
nicolasggz,otros
cecigodoy,otros
gui,otros
shumy369,otros
sergio,otros
sandrapp,otros
vivi,otros
car188,otros
parquefrenesi,otros
condor,otros
mariotorres,otros
graciela70,otros
mariotorres812,otros
gracielal,otros
neotowers,otros
francisco45,otros
lorenaa,otros
mariaemiliatagniani,otros
marinarodriguez,otros
paola,otros
marinaco,otros
narizdechicle,otros
analia,otros
rosa-balbuena,otros
alej4,otros
marielaa,otros
carloncho,otros
matiasqueipo,otros
matoas,otros
guillermina,otros
marianodelorenzo,otros
marianod,otros
eli28,otros
ugo,otros
cecilia2018,otros
edn-2110,otros
franciscomassa,otros
omar55,otros
cele,otros
olivier,otros
ileana,otros
emiliovitale,otros
gustavo.sor,otros
olga66,otros
jorgetassara,otros
emilianocolombo,otros
hernansarchi,otros
ileana1,otros
javifernandez,otros
juancruz,otros
mchurichi,otros
nicolaslpf123,otros
sofiascasserra,otros
cristian,otros
elmercdocoop,otros
megistox3,otros
johny,otros
alejandra.soledad,otros
natto,otros
juanp2002z,otros
femoba,otros
german12,otros
celeste,otros
elcarai,otros
marcelona,otros
fernando07,otros
hugo427,otros
carolina.amaya,otros
monica2018,otros
mariap07,otros
gonzxp,otros
lucy,otros
ileana14,otros
tomascapalbo,otros
mapache,otros
marianobambu,otros
joseflaco,otros
soledadale,otros
mayra,otros
natalia.gianni,otros
moqui,otros
ainara12,otros
diegodemauricio,otros
maricel1,otros
fabricio,otros
gianfranco,otros
gimena,otros
biobelisana,otros
betty08,otros
sebaxcit,otros
celiagodoy,otros
javier8,otros
astilla,otros
patricio,otros
edufol,otros
javier,otros
shinigami,otros
alberto,otros
silviacc,otros
macarena,otros
german,otros
san89ebis,otros
juan1848,otros
lucianokordon,otros
facundonacimiento,otros
mabel,otros
pablomazaeda,otros
egassman,otros
wanda,otros
